<Module Name="HPOrStatus">
  <Dynamic File="HPOrStatus.lyn.event" Name="HPOrStatus_Dynamic"/>
  <Internal File="DrawNumberStandard/DrawNumberDigit.lyn.event"/>
  <Internal File="DrawNumberStandard/DrawUnsignedSmallNumber.lyn.event"/>
  <Internal File="OptimizedSwitch/Installer.event"/>
  <Definition Name="HPORSTATUS_X" Value="5"/>
  <Definition Name="HPORSTATUS_Y" Value="3"/>
  <Definition Name="NUMBER_BASE_TILE" Value="0x02E0"/>
  <Definition Name="NUMBER_PALETTE" Value="8"/>
  <Definition Name="HP_LABEL_BASE_TILE" Value="0x0120"/>
  <Definition Name="HP_LABEL_PALETTE" Value="2"/>
  <Definition Name="HP_DIVIDER_BASE_TILE" Value="0x013E"/>
  <Definition Name="HP_DIVIDER_PALETTE" Value="2"/>
  <Definition Name="STATUS_BASE_TILE" Value="0x016F"/>
  <Definition Name="STATUS_PALETTE" Value="0"/>
  <Definition Name="BG_NUMBER_BASE_TILE" Value="0x0128"/>
  <Definition Name="BG_NUMBER_PALETTE" Value="1"/>
</Module>